<PAMDataset>
  <Metadata>
    <MDI key="DataType">Generic</MDI>
  </Metadata>
  <PAMRasterBand band="1">
    <Histograms>
      <HistItem>
        <HistMin>1</HistMin>
        <HistMax>8.600000381469727</HistMax>
        <BucketCount>256</BucketCount>
        <IncludeOutOfRange>1</IncludeOutOfRange>
        <Approximate>0</Approximate>
        <HistCounts>92|0|0|650|0|0|2207|0|0|0|5131|0|0|10944|0|0|18466|0|0|0|27408|0|0|36878|0|0|42196|0|0|0|43498|0|0|44289|0|0|49071|0|0|0|51677|0|0|43980|0|0|40416|0|0|0|31265|0|0|26066|0|0|0|24181|0|0|23695|0|0|22336|0|0|0|20994|0|0|19382|0|0|16134|0|0|0|13625|0|0|11842|0|0|10241|0|0|0|9064|0|0|7842|0|0|6607|0|0|0|5574|0|0|4297|0|0|0|2994|0|0|2238|0|0|1969|0|0|0|1575|0|0|1311|0|0|950|0|0|0|718|0|0|422|0|0|277|0|0|0|190|0|0|176|0|0|159|0|0|0|147|0|0|381|0|0|285|0|0|0|227|0|0|205|0|0|0|162|0|0|107|0|0|93|0|0|0|46|0|0|63|0|0|50|0|0|0|51|0|0|23|0|0|22|0|0|0|24|0|0|15|0|0|16|0|0|0|10|0|0|7|0|0|0|11|0|0|5|0|0|4|0|0|0|3|0|0|7|0|0|5|0|0|0|7|0|0|7|0|0|2|0|0|0|3|0|0|1|0|0|0|0|0|0|0|0|0|0|0|0|0|2</HistCounts>
      </HistItem>
    </Histograms>
    <Metadata>
      <MDI key="RepresentationType">ATHEMATIC</MDI>
      <MDI key="STATISTICS_COVARIANCES">0.4746822577709578</MDI>
      <MDI key="STATISTICS_EXCLUDEDVALUES"></MDI>
      <MDI key="STATISTICS_MAXIMUM">8.6000003814697</MDI>
      <MDI key="STATISTICS_MEAN">2.4142819560951</MDI>
      <MDI key="STATISTICS_MINIMUM">1</MDI>
      <MDI key="STATISTICS_SKIPFACTORX">1</MDI>
      <MDI key="STATISTICS_SKIPFACTORY">1</MDI>
      <MDI key="STATISTICS_STDDEV">0.68897188460122</MDI>
    </Metadata>
  </PAMRasterBand>
</PAMDataset>
