<PAMDataset>
  <Metadata>
    <MDI key="DataType">Generic</MDI>
  </Metadata>
  <PAMRasterBand band="1">
    <Histograms>
      <HistItem>
        <HistMin>1</HistMin>
        <HistMax>115</HistMax>
        <BucketCount>256</BucketCount>
        <IncludeOutOfRange>1</IncludeOutOfRange>
        <Approximate>0</Approximate>
        <HistCounts>309|0|17258|0|33990|0|47982|0|57838|0|0|53764|0|47903|0|42486|0|39289|0|0|36472|0|22533|0|13416|0|12536|0|0|13592|0|16045|0|17214|0|15609|0|0|11209|0|9027|0|7231|0|7811|0|7103|0|0|7596|0|9878|0|9773|0|9051|0|0|8637|0|10069|0|9408|0|7649|0|0|6565|0|5865|0|6106|0|5925|0|0|5751|0|4698|0|3085|0|1979|0|0|1302|0|1114|0|1062|0|927|0|919|0|0|973|0|1065|0|861|0|599|0|0|561|0|568|0|719|0|631|0|0|607|0|542|0|505|0|576|0|0|692|0|648|0|597|0|461|0|479|0|0|609|0|627|0|661|0|790|0|0|823|0|1011|0|978|0|995|0|0|1178|0|1225|0|1127|0|1270|0|0|1332|0|1110|0|822|0|832|0|0|858|0|876|0|947|0|967|0|894|0|0|703|0|737|0|767|0|606|0|0|460|0|411|0|304|0|278|0|0|292|0|205|0|189|0|209|0|0|142|0|110|0|102|0|74|0|89|0|0|41|0|47|0|29|0|39|0|0|19|0|22|0|13|0|12|0|0|11|0|11|0|21|0|26|0|0|23|0|15|0|9|0|6|0|0|4</HistCounts>
      </HistItem>
    </Histograms>
    <Metadata>
      <MDI key="RepresentationType">ATHEMATIC</MDI>
      <MDI key="STATISTICS_COVARIANCES">250.3779536227011</MDI>
      <MDI key="STATISTICS_EXCLUDEDVALUES"></MDI>
      <MDI key="STATISTICS_MAXIMUM">115</MDI>
      <MDI key="STATISTICS_MEAN">15.642498445296</MDI>
      <MDI key="STATISTICS_MINIMUM">1</MDI>
      <MDI key="STATISTICS_SKIPFACTORX">1</MDI>
      <MDI key="STATISTICS_SKIPFACTORY">1</MDI>
      <MDI key="STATISTICS_STDDEV">15.82333572995</MDI>
    </Metadata>
  </PAMRasterBand>
</PAMDataset>
