<PAMDataset>
  <Metadata>
    <MDI key="DataType">Generic</MDI>
  </Metadata>
  <PAMRasterBand band="1">
    <Histograms>
      <HistItem>
        <HistMin>1.299999952316284</HistMin>
        <HistMax>4.900000095367432</HistMax>
        <BucketCount>256</BucketCount>
        <IncludeOutOfRange>1</IncludeOutOfRange>
        <Approximate>0</Approximate>
        <HistCounts>20|0|0|0|0|0|0|1861|0|0|0|0|0|0|10703|0|0|0|0|0|0|34212|0|0|0|0|0|0|46219|0|0|0|0|0|0|49414|0|0|0|0|0|0|53948|0|0|0|0|0|0|52669|0|0|0|0|0|0|47515|0|0|0|0|0|0|45826|0|0|0|0|0|0|41512|0|0|0|0|0|0|39013|0|0|0|0|0|0|0|41418|0|0|0|0|0|0|44457|0|0|0|0|0|0|39040|0|0|0|0|0|0|29975|0|0|0|0|0|0|22984|0|0|0|0|0|0|19453|0|0|0|0|0|0|18813|0|0|0|0|0|0|15568|0|0|0|0|0|0|12359|0|0|0|0|0|0|7447|0|0|0|0|0|0|6688|0|0|0|0|0|0|2091|0|0|0|0|0|0|0|648|0|0|0|0|0|0|502|0|0|0|0|0|0|272|0|0|0|0|0|0|163|0|0|0|0|0|0|77|0|0|0|0|0|0|54|0|0|0|0|0|0|30|0|0|0|0|0|0|20|0|0|0|0|0|0|15|0|0|0|0|0|0|19|0|0|0|0|0|0|10|0|0|0|0|0|0|1|0|0|0|0|0|0|0|2</HistCounts>
      </HistItem>
    </Histograms>
    <Metadata>
      <MDI key="RepresentationType">ATHEMATIC</MDI>
      <MDI key="STATISTICS_COVARIANCES">0.2496367674624308</MDI>
      <MDI key="STATISTICS_EXCLUDEDVALUES"></MDI>
      <MDI key="STATISTICS_MAXIMUM">4.9000000953674</MDI>
      <MDI key="STATISTICS_MEAN">2.3125598101076</MDI>
      <MDI key="STATISTICS_MINIMUM">1.2999999523163</MDI>
      <MDI key="STATISTICS_SKIPFACTORX">1</MDI>
      <MDI key="STATISTICS_SKIPFACTORY">1</MDI>
      <MDI key="STATISTICS_STDDEV">0.49963663542862</MDI>
    </Metadata>
  </PAMRasterBand>
</PAMDataset>
