<PAMDataset>
  <Metadata>
    <MDI key="DataType">Generic</MDI>
  </Metadata>
  <PAMRasterBand band="1">
    <Histograms>
      <HistItem>
        <HistMin>1.200000047683716</HistMin>
        <HistMax>7.699999809265137</HistMax>
        <BucketCount>256</BucketCount>
        <IncludeOutOfRange>1</IncludeOutOfRange>
        <Approximate>0</Approximate>
        <HistCounts>3|0|0|321|0|0|0|1424|0|0|0|4874|0|0|0|12595|0|0|0|25848|0|0|0|37152|0|0|0|43500|0|0|0|47246|0|0|0|45550|0|0|0|44731|0|0|0|45895|0|0|0|44960|0|0|0|41862|0|0|37441|0|0|0|32923|0|0|0|29410|0|0|0|27737|0|0|0|26667|0|0|0|23484|0|0|0|19441|0|0|0|16613|0|0|0|13454|0|0|0|10825|0|0|0|8821|0|0|0|7799|0|0|0|6491|0|0|5363|0|0|0|4349|0|0|0|3617|0|0|0|3046|0|0|0|2555|0|0|0|2058|0|0|0|1711|0|0|0|1046|0|0|0|758|0|0|0|727|0|0|0|682|0|0|0|471|0|0|0|421|0|0|354|0|0|0|204|0|0|0|160|0|0|0|129|0|0|0|95|0|0|0|51|0|0|0|32|0|0|0|25|0|0|0|23|0|0|0|13|0|0|0|10|0|0|0|7|0|0|0|10|0|0|6|0|0|0|2|0|0|0|5|0|0|0|4|0|0|0|4|0|0|0|4|0|0|0|4|0|0|0|1|0|0|0|0|0|0|0|2|0|0|0|0|0|0|0|1|0|0|0|1</HistCounts>
      </HistItem>
    </Histograms>
    <Metadata>
      <MDI key="RepresentationType">ATHEMATIC</MDI>
      <MDI key="STATISTICS_COVARIANCES">0.4143624598678609</MDI>
      <MDI key="STATISTICS_EXCLUDEDVALUES"></MDI>
      <MDI key="STATISTICS_MAXIMUM">7.6999998092651</MDI>
      <MDI key="STATISTICS_MEAN">2.5363422513978</MDI>
      <MDI key="STATISTICS_MINIMUM">1.2000000476837</MDI>
      <MDI key="STATISTICS_SKIPFACTORX">1</MDI>
      <MDI key="STATISTICS_SKIPFACTORY">1</MDI>
      <MDI key="STATISTICS_STDDEV">0.64370991903796</MDI>
    </Metadata>
  </PAMRasterBand>
</PAMDataset>
