<PAMDataset>
  <Metadata>
    <MDI key="DataType">Generic</MDI>
  </Metadata>
  <PAMRasterBand band="1">
    <Histograms>
      <HistItem>
        <HistMin>0.05999999865889549</HistMin>
        <HistMax>0.6499999761581421</HistMax>
        <BucketCount>256</BucketCount>
        <IncludeOutOfRange>1</IncludeOutOfRange>
        <Approximate>0</Approximate>
        <HistCounts>11|0|0|0|267|0|0|0|2966|0|0|0|23509|0|0|0|0|82049|0|0|0|86533|0|0|0|64134|0|0|0|0|45648|0|0|0|32733|0|0|0|26562|0|0|0|0|17212|0|0|0|12176|0|0|0|10879|0|0|0|0|9930|0|0|0|10339|0|0|0|12177|0|0|0|0|12904|0|0|0|12381|0|0|0|12670|0|0|0|0|12778|0|0|0|13232|0|0|0|11674|0|0|0|0|12076|0|0|0|12938|0|0|0|13318|0|0|0|0|13184|0|0|0|14775|0|0|0|12110|0|0|0|0|12029|0|0|0|8671|0|0|0|5823|0|0|0|5595|0|0|0|0|4542|0|0|0|3508|0|0|0|3175|0|0|0|0|2797|0|0|0|1962|0|0|0|1969|0|0|0|0|2105|0|0|0|1966|0|0|0|2047|0|0|0|0|2174|0|0|0|2122|0|0|0|1968|0|0|0|0|2210|0|0|0|2403|0|0|0|2253|0|0|0|0|2082|0|0|0|2058|0|0|0|2111|0|0|0|0|2463|0|0|0|2545|0|0|0|2703|0|0|0|0|3784|0|0|0|3285|0|0|0|1534|0|0|0|0|1164|0|0|0|690|0|0|0|113|0|0|0|0|2</HistCounts>
      </HistItem>
    </Histograms>
    <Metadata>
      <MDI key="RepresentationType">ATHEMATIC</MDI>
      <MDI key="STATISTICS_COVARIANCES">0.01498296522988609</MDI>
      <MDI key="STATISTICS_EXCLUDEDVALUES"></MDI>
      <MDI key="STATISTICS_MAXIMUM">0.64999997615814</MDI>
      <MDI key="STATISTICS_MEAN">0.20425136261667</MDI>
      <MDI key="STATISTICS_MINIMUM">0.059999998658895</MDI>
      <MDI key="STATISTICS_SKIPFACTORX">1</MDI>
      <MDI key="STATISTICS_SKIPFACTORY">1</MDI>
      <MDI key="STATISTICS_STDDEV">0.12240492322569</MDI>
    </Metadata>
  </PAMRasterBand>
</PAMDataset>
