<PAMDataset>
  <Metadata>
    <MDI key="DataType">Generic</MDI>
  </Metadata>
  <PAMRasterBand band="1">
    <Histograms>
      <HistItem>
        <HistMin>1.100000023841858</HistMin>
        <HistMax>5.300000190734863</HistMax>
        <BucketCount>256</BucketCount>
        <IncludeOutOfRange>1</IncludeOutOfRange>
        <Approximate>0</Approximate>
        <HistCounts>500|0|0|0|0|0|3847|0|0|0|0|0|12395|0|0|0|0|0|22873|0|0|0|0|0|44721|0|0|0|0|0|67236|0|0|0|0|0|64117|0|0|0|0|0|57581|0|0|0|0|0|47718|0|0|0|0|0|45101|0|0|0|0|0|46471|0|0|0|0|0|43723|0|0|0|0|0|38201|0|0|0|0|0|29857|0|0|0|0|0|0|26165|0|0|0|0|0|26137|0|0|0|0|0|21050|0|0|0|0|0|22095|0|0|0|0|0|18438|0|0|0|0|0|14145|0|0|0|0|0|8372|0|0|0|0|0|6781|0|0|0|0|0|5105|0|0|0|0|0|3526|0|0|0|0|0|3130|0|0|0|0|0|2285|0|0|0|0|0|1378|0|0|0|0|0|607|0|0|0|0|0|0|384|0|0|0|0|0|293|0|0|0|0|0|129|0|0|0|0|0|146|0|0|0|0|0|91|0|0|0|0|0|98|0|0|0|0|0|78|0|0|0|0|0|102|0|0|0|0|0|59|0|0|0|0|0|41|0|0|0|0|0|14|0|0|0|0|0|12|0|0|0|0|0|3|0|0|0|0|0|3|0|0|0|0|0|0|10</HistCounts>
      </HistItem>
    </Histograms>
    <Metadata>
      <MDI key="RepresentationType">ATHEMATIC</MDI>
      <MDI key="STATISTICS_COVARIANCES">0.267814219143644</MDI>
      <MDI key="STATISTICS_EXCLUDEDVALUES"></MDI>
      <MDI key="STATISTICS_MAXIMUM">5.3000001907349</MDI>
      <MDI key="STATISTICS_MEAN">2.0903980584157</MDI>
      <MDI key="STATISTICS_MINIMUM">1.1000000238419</MDI>
      <MDI key="STATISTICS_SKIPFACTORX">1</MDI>
      <MDI key="STATISTICS_SKIPFACTORY">1</MDI>
      <MDI key="STATISTICS_STDDEV">0.51750769959842</MDI>
    </Metadata>
  </PAMRasterBand>
</PAMDataset>
