<PAMDataset>
  <Metadata>
    <MDI key="DataType">Generic</MDI>
  </Metadata>
  <PAMRasterBand band="1">
    <Histograms>
      <HistItem>
        <HistMin>1</HistMin>
        <HistMax>5.300000190734863</HistMax>
        <BucketCount>256</BucketCount>
        <IncludeOutOfRange>1</IncludeOutOfRange>
        <Approximate>0</Approximate>
        <HistCounts>1418|0|0|0|0|7857|0|0|0|0|0|19753|0|0|0|0|0|37192|0|0|0|0|0|55106|0|0|0|0|0|52465|0|0|0|0|0|50220|0|0|0|0|0|46753|0|0|0|0|0|43201|0|0|0|0|0|42197|0|0|0|0|0|41817|0|0|0|0|0|41700|0|0|0|0|0|38960|0|0|0|0|0|35642|0|0|0|0|0|27452|0|0|0|0|21699|0|0|0|0|0|23601|0|0|0|0|0|21518|0|0|0|0|0|17416|0|0|0|0|0|16027|0|0|0|0|0|13032|0|0|0|0|0|8966|0|0|0|0|0|6979|0|0|0|0|0|4844|0|0|0|0|0|2864|0|0|0|0|0|2229|0|0|0|0|0|1654|0|0|0|0|0|1027|0|0|0|0|0|617|0|0|0|0|445|0|0|0|0|0|189|0|0|0|0|0|69|0|0|0|0|0|32|0|0|0|0|0|24|0|0|0|0|0|13|0|0|0|0|0|2|0|0|0|0|0|11|0|0|0|0|0|10|0|0|0|0|0|6|0|0|0|0|0|5|0|0|0|0|0|4|0|0|0|0|0|1|0|0|0|0|0|0|0|0|0|0|0|1</HistCounts>
      </HistItem>
    </Histograms>
    <Metadata>
      <MDI key="RepresentationType">ATHEMATIC</MDI>
      <MDI key="STATISTICS_COVARIANCES">0.3057311062231358</MDI>
      <MDI key="STATISTICS_EXCLUDEDVALUES"></MDI>
      <MDI key="STATISTICS_MAXIMUM">5.3000001907349</MDI>
      <MDI key="STATISTICS_MEAN">1.9963903081252</MDI>
      <MDI key="STATISTICS_MINIMUM">1</MDI>
      <MDI key="STATISTICS_SKIPFACTORX">1</MDI>
      <MDI key="STATISTICS_SKIPFACTORY">1</MDI>
      <MDI key="STATISTICS_STDDEV">0.55292956714498</MDI>
    </Metadata>
  </PAMRasterBand>
</PAMDataset>
