<PAMDataset>
  <Metadata>
    <MDI key="DataType">Generic</MDI>
  </Metadata>
  <PAMRasterBand band="1">
    <Histograms>
      <HistItem>
        <HistMin>0.09000000357627869</HistMin>
        <HistMax>0.6700000166893005</HistMax>
        <BucketCount>256</BucketCount>
        <IncludeOutOfRange>1</IncludeOutOfRange>
        <Approximate>0</Approximate>
        <HistCounts>43|0|0|0|167|0|0|0|927|0|0|0|0|8975|0|0|0|27350|0|0|0|47366|0|0|0|0|94269|0|0|0|80113|0|0|0|0|43971|0|0|0|32931|0|0|0|24949|0|0|0|0|15261|0|0|0|13781|0|0|0|0|12219|0|0|0|9293|0|0|0|9352|0|0|0|0|10954|0|0|0|12746|0|0|0|0|11818|0|0|0|12137|0|0|0|12111|0|0|0|0|12883|0|0|0|13777|0|0|0|0|12707|0|0|0|12968|0|0|0|13809|0|0|0|0|12923|0|0|0|14263|0|0|0|0|13405|0|0|0|11773|0|0|0|9142|0|0|0|0|7195|0|0|0|5492|0|0|0|0|5342|0|0|0|4084|0|0|0|3750|0|0|0|0|3207|0|0|0|2599|0|0|0|0|2487|0|0|0|2436|0|0|0|2097|0|0|0|0|2521|0|0|0|2681|0|0|0|0|2805|0|0|0|2801|0|0|0|2944|0|0|0|0|2740|0|0|0|2322|0|0|0|0|2277|0|0|0|2333|0|0|0|2379|0|0|0|0|3256|0|0|0|2658|0|0|0|0|2532|0|0|0|1643|0|0|0|1122|0|0|0|0|753|0|0|0|178|0|0|0|0|1</HistCounts>
      </HistItem>
    </Histograms>
    <Metadata>
      <MDI key="RepresentationType">ATHEMATIC</MDI>
      <MDI key="STATISTICS_COVARIANCES">0.01430757769327857</MDI>
      <MDI key="STATISTICS_EXCLUDEDVALUES"></MDI>
      <MDI key="STATISTICS_MAXIMUM">0.6700000166893</MDI>
      <MDI key="STATISTICS_MEAN">0.24496163667728</MDI>
      <MDI key="STATISTICS_MINIMUM">0.090000003576279</MDI>
      <MDI key="STATISTICS_SKIPFACTORX">1</MDI>
      <MDI key="STATISTICS_SKIPFACTORY">1</MDI>
      <MDI key="STATISTICS_STDDEV">0.11961428716202</MDI>
    </Metadata>
  </PAMRasterBand>
</PAMDataset>
