<PAMDataset>
  <Metadata>
    <MDI key="DataType">Generic</MDI>
  </Metadata>
  <PAMRasterBand band="1">
    <Histograms>
      <HistItem>
        <HistMin>1.600000023841858</HistMin>
        <HistMax>5.099999904632568</HistMax>
        <BucketCount>256</BucketCount>
        <IncludeOutOfRange>1</IncludeOutOfRange>
        <Approximate>0</Approximate>
        <HistCounts>14|0|0|0|0|0|0|1169|0|0|0|0|0|0|6162|0|0|0|0|0|0|16563|0|0|0|0|0|0|0|24658|0|0|0|0|0|0|30462|0|0|0|0|0|0|36441|0|0|0|0|0|0|0|40288|0|0|0|0|0|0|43004|0|0|0|0|0|0|45251|0|0|0|0|0|0|42423|0|0|0|0|0|0|0|42196|0|0|0|0|0|0|40477|0|0|0|0|0|0|38642|0|0|0|0|0|0|0|37316|0|0|0|0|0|0|43701|0|0|0|0|0|0|45989|0|0|0|0|0|0|34628|0|0|0|0|0|0|0|24827|0|0|0|0|0|0|20410|0|0|0|0|0|0|15341|0|0|0|0|0|0|0|11215|0|0|0|0|0|0|11756|0|0|0|0|0|0|8379|0|0|0|0|0|0|6405|0|0|0|0|0|0|0|5634|0|0|0|0|0|0|4541|0|0|0|0|0|0|4361|0|0|0|0|0|0|0|2446|0|0|0|0|0|0|218|0|0|0|0|0|0|41|0|0|0|0|0|0|32|0|0|0|0|0|0|0|10|0|0|0|0|0|0|10|0|0|0|0|0|0|6|0|0|0|0|0|0|0|2</HistCounts>
      </HistItem>
    </Histograms>
    <Metadata>
      <MDI key="RepresentationType">ATHEMATIC</MDI>
      <MDI key="STATISTICS_COVARIANCES">0.3122355099728307</MDI>
      <MDI key="STATISTICS_EXCLUDEDVALUES"></MDI>
      <MDI key="STATISTICS_MAXIMUM">5.0999999046326</MDI>
      <MDI key="STATISTICS_MEAN">2.8235694504491</MDI>
      <MDI key="STATISTICS_MINIMUM">1.6000000238419</MDI>
      <MDI key="STATISTICS_SKIPFACTORX">1</MDI>
      <MDI key="STATISTICS_SKIPFACTORY">1</MDI>
      <MDI key="STATISTICS_STDDEV">0.558780377226</MDI>
    </Metadata>
  </PAMRasterBand>
</PAMDataset>
