<PAMDataset>
  <Metadata>
    <MDI key="DataType">Generic</MDI>
  </Metadata>
  <PAMRasterBand band="1">
    <Histograms>
      <HistItem>
        <HistMin>1.600000023841858</HistMin>
        <HistMax>6.5</HistMax>
        <BucketCount>256</BucketCount>
        <IncludeOutOfRange>1</IncludeOutOfRange>
        <Approximate>0</Approximate>
        <HistCounts>230|0|0|0|0|1778|0|0|0|0|4446|0|0|0|0|11086|0|0|0|0|20287|0|0|0|0|0|28056|0|0|0|0|32560|0|0|0|0|35204|0|0|0|0|38364|0|0|0|0|41892|0|0|0|0|0|41989|0|0|0|0|39792|0|0|0|0|40045|0|0|0|0|42557|0|0|0|0|42942|0|0|0|0|0|45156|0|0|0|0|43339|0|0|0|0|36710|0|0|0|0|28300|0|0|0|0|25697|0|0|0|0|0|20422|0|0|0|0|16116|0|0|0|0|13804|0|0|0|0|9578|0|0|0|0|7646|0|0|0|0|0|5590|0|0|0|0|3190|0|0|0|0|2119|0|0|0|0|1974|0|0|0|0|1617|0|0|0|0|0|984|0|0|0|0|641|0|0|0|0|330|0|0|0|0|186|0|0|0|0|130|0|0|0|0|0|86|0|0|0|0|49|0|0|0|0|31|0|0|0|0|24|0|0|0|0|15|0|0|0|0|0|14|0|0|0|0|9|0|0|0|0|5|0|0|0|0|9|0|0|0|0|6|0|0|0|0|0|3|0|0|0|0|3|0|0|0|0|2|0|0|0|0|4|0|0|0|0|0|1</HistCounts>
      </HistItem>
    </Histograms>
    <Metadata>
      <MDI key="RepresentationType">ATHEMATIC</MDI>
      <MDI key="STATISTICS_COVARIANCES">0.3185182495754702</MDI>
      <MDI key="STATISTICS_EXCLUDEDVALUES"></MDI>
      <MDI key="STATISTICS_MAXIMUM">6.5</MDI>
      <MDI key="STATISTICS_MEAN">2.8835994055667</MDI>
      <MDI key="STATISTICS_MINIMUM">1.6000000238419</MDI>
      <MDI key="STATISTICS_SKIPFACTORX">1</MDI>
      <MDI key="STATISTICS_SKIPFACTORY">1</MDI>
      <MDI key="STATISTICS_STDDEV">0.5643742105868</MDI>
    </Metadata>
  </PAMRasterBand>
</PAMDataset>
