<PAMDataset>
  <Metadata>
    <MDI key="DataType">Generic</MDI>
  </Metadata>
  <PAMRasterBand band="1">
    <Histograms>
      <HistItem>
        <HistMin>1</HistMin>
        <HistMax>8.800000190734863</HistMax>
        <BucketCount>256</BucketCount>
        <IncludeOutOfRange>1</IncludeOutOfRange>
        <Approximate>0</Approximate>
        <HistCounts>9|0|0|443|0|0|2465|0|0|8775|0|0|0|16156|0|0|23096|0|0|33561|0|0|39597|0|0|0|43253|0|0|45509|0|0|43777|0|0|42816|0|0|0|43377|0|0|47624|0|0|42921|0|0|0|32778|0|0|29723|0|0|30075|0|0|26542|0|0|0|22595|0|0|19838|0|0|18178|0|0|14657|0|0|0|10684|0|0|9113|0|0|7740|0|0|0|6572|0|0|5110|0|0|3891|0|0|3130|0|0|0|2257|0|0|1698|0|0|1326|0|0|1007|0|0|0|821|0|0|669|0|0|507|0|0|393|0|0|0|259|0|0|203|0|0|177|0|0|0|133|0|0|124|0|0|113|0|0|94|0|0|0|46|0|0|91|0|0|100|0|0|76|0|0|0|112|0|0|231|0|0|158|0|0|0|81|0|0|51|0|0|46|0|0|37|0|0|0|23|0|0|18|0|0|17|0|0|20|0|0|0|16|0|0|18|0|0|14|0|0|13|0|0|0|9|0|0|10|0|0|9|0|0|0|7|0|0|5|0|0|4|0|0|2|0|0|0|5|0|0|3|0|0|2|0|0|4|0|0|0|1|0|0|1|0|0|1|0|0|0|1</HistCounts>
      </HistItem>
    </Histograms>
    <Metadata>
      <MDI key="RepresentationType">ATHEMATIC</MDI>
      <MDI key="STATISTICS_COVARIANCES">0.4118516012947595</MDI>
      <MDI key="STATISTICS_EXCLUDEDVALUES"></MDI>
      <MDI key="STATISTICS_MAXIMUM">8.8000001907349</MDI>
      <MDI key="STATISTICS_MEAN">2.3337764803125</MDI>
      <MDI key="STATISTICS_MINIMUM">1</MDI>
      <MDI key="STATISTICS_SKIPFACTORX">1</MDI>
      <MDI key="STATISTICS_SKIPFACTORY">1</MDI>
      <MDI key="STATISTICS_STDDEV">0.64175665270783</MDI>
    </Metadata>
  </PAMRasterBand>
</PAMDataset>
