<PAMDataset>
  <Metadata>
    <MDI key="DataType">Generic</MDI>
  </Metadata>
  <PAMRasterBand band="1">
    <Histograms>
      <HistItem>
        <HistMin>1.100000023841858</HistMin>
        <HistMax>7.5</HistMax>
        <BucketCount>256</BucketCount>
        <IncludeOutOfRange>1</IncludeOutOfRange>
        <Approximate>0</Approximate>
        <HistCounts>25|0|0|650|0|0|0|3682|0|0|0|12908|0|0|0|22553|0|0|0|30065|0|0|0|34373|0|0|0|39099|0|0|0|41292|0|0|0|42104|0|0|0|41957|0|0|0|40357|0|0|0|37045|0|0|0|38421|0|0|0|40869|0|0|0|39436|0|0|0|37247|0|0|0|31408|0|0|0|30049|0|0|0|24395|0|0|0|20290|0|0|0|17777|0|0|0|14703|0|0|0|12633|0|0|0|9907|0|0|0|5594|0|0|0|3712|0|0|0|2849|0|0|0|2050|0|0|0|1440|0|0|0|1166|0|0|0|1145|0|0|0|879|0|0|0|677|0|0|0|484|0|0|0|418|0|0|0|383|0|0|0|266|0|0|0|162|0|0|0|126|0|0|0|58|0|0|0|53|0|0|0|54|0|0|0|40|0|0|0|38|0|0|0|30|0|0|0|26|0|0|0|22|0|0|0|20|0|0|0|16|0|0|0|9|0|0|0|9|0|0|0|8|0|0|0|8|0|0|0|2|0|0|0|5|0|0|0|2|0|0|0|5|0|0|0|7|0|0|0|4|0|0|0|3|0|0|0|1|0|0|0|0|0|0|0|1|0|0|0|1</HistCounts>
      </HistItem>
    </Histograms>
    <Metadata>
      <MDI key="RepresentationType">ATHEMATIC</MDI>
      <MDI key="STATISTICS_COVARIANCES">0.3638000054674851</MDI>
      <MDI key="STATISTICS_EXCLUDEDVALUES"></MDI>
      <MDI key="STATISTICS_MAXIMUM">7.5</MDI>
      <MDI key="STATISTICS_MEAN">2.3891734191385</MDI>
      <MDI key="STATISTICS_MINIMUM">1.1000000238419</MDI>
      <MDI key="STATISTICS_SKIPFACTORX">1</MDI>
      <MDI key="STATISTICS_SKIPFACTORY">1</MDI>
      <MDI key="STATISTICS_STDDEV">0.60315835853239</MDI>
    </Metadata>
  </PAMRasterBand>
</PAMDataset>
