<PAMDataset>
  <Metadata>
    <MDI key="DataType">Generic</MDI>
  </Metadata>
  <PAMRasterBand band="1">
    <Histograms>
      <HistItem>
        <HistMin>1</HistMin>
        <HistMax>6.300000190734863</HistMax>
        <BucketCount>256</BucketCount>
        <IncludeOutOfRange>1</IncludeOutOfRange>
        <Approximate>0</Approximate>
        <HistCounts>225|0|0|0|1579|0|0|0|0|8412|0|0|0|0|20618|0|0|0|0|27942|0|0|0|0|29713|0|0|0|31115|0|0|0|0|33309|0|0|0|0|40861|0|0|0|0|43355|0|0|0|0|43491|0|0|0|39885|0|0|0|0|38181|0|0|0|0|38703|0|0|0|0|40914|0|0|0|0|39424|0|0|0|37431|0|0|0|0|34113|0|0|0|0|26470|0|0|0|0|24322|0|0|0|0|18641|0|0|0|0|15813|0|0|0|13794|0|0|0|0|11851|0|0|0|0|10230|0|0|0|0|4849|0|0|0|0|2145|0|0|0|1596|0|0|0|0|1315|0|0|0|0|1355|0|0|0|0|1195|0|0|0|0|808|0|0|0|463|0|0|0|0|305|0|0|0|0|182|0|0|0|0|77|0|0|0|0|63|0|0|0|0|53|0|0|0|44|0|0|0|0|47|0|0|0|0|30|0|0|0|0|26|0|0|0|0|29|0|0|0|12|0|0|0|0|7|0|0|0|0|6|0|0|0|0|4|0|0|0|0|7|0|0|0|3|0|0|0|0|0|0|0|0|0|0|0|0|0|0|3|0|0|0|0|1|0|0|0|0|1</HistCounts>
      </HistItem>
    </Histograms>
    <Metadata>
      <MDI key="RepresentationType">ATHEMATIC</MDI>
      <MDI key="STATISTICS_COVARIANCES">0.3456565099426964</MDI>
      <MDI key="STATISTICS_EXCLUDEDVALUES"></MDI>
      <MDI key="STATISTICS_MAXIMUM">6.3000001907349</MDI>
      <MDI key="STATISTICS_MEAN">2.2444312364402</MDI>
      <MDI key="STATISTICS_MINIMUM">1</MDI>
      <MDI key="STATISTICS_SKIPFACTORX">1</MDI>
      <MDI key="STATISTICS_SKIPFACTORY">1</MDI>
      <MDI key="STATISTICS_STDDEV">0.5879255989857</MDI>
    </Metadata>
  </PAMRasterBand>
</PAMDataset>
