<PAMDataset>
  <Metadata>
    <MDI key="DataType">Generic</MDI>
  </Metadata>
  <PAMRasterBand band="1">
    <Histograms>
      <HistItem>
        <HistMin>2</HistMin>
        <HistMax>103</HistMax>
        <BucketCount>256</BucketCount>
        <IncludeOutOfRange>1</IncludeOutOfRange>
        <Approximate>0</Approximate>
        <HistCounts>4038|0|11043|0|0|19220|0|24208|0|0|33406|0|44778|0|0|37837|0|34043|0|0|33424|0|29831|0|0|27466|0|27851|0|0|33014|0|32315|0|0|24985|0|19435|0|0|15407|0|15463|0|0|12309|0|13790|0|0|16462|0|0|12958|0|12625|0|0|12045|0|11460|0|0|12831|0|13001|0|0|11012|0|9168|0|0|8733|0|8437|0|0|7843|0|7029|0|0|5196|0|3223|0|0|2024|0|1355|0|0|926|0|661|0|0|532|0|499|0|0|457|0|0|287|0|186|0|0|112|0|125|0|0|172|0|304|0|0|569|0|1130|0|0|1541|0|1700|0|0|1644|0|1791|0|0|1821|0|1466|0|0|1395|0|1430|0|0|1704|0|1597|0|0|1438|0|0|1532|0|1458|0|0|1336|0|1273|0|0|1160|0|848|0|0|829|0|725|0|0|633|0|460|0|0|294|0|262|0|0|247|0|257|0|0|138|0|165|0|0|112|0|69|0|0|62|0|58|0|0|65|0|0|43|0|19|0|0|21|0|25|0|0|18|0|17|0|0|19|0|11|0|0|2|0|0|0|0|0|0|0|0|0|4|0|5|0|0|20|0|20|0|0|29|0|23|0|0|5|0|0|2</HistCounts>
      </HistItem>
    </Histograms>
    <Metadata>
      <MDI key="RepresentationType">ATHEMATIC</MDI>
      <MDI key="STATISTICS_COVARIANCES">167.7377054861064</MDI>
      <MDI key="STATISTICS_EXCLUDEDVALUES"></MDI>
      <MDI key="STATISTICS_MAXIMUM">103</MDI>
      <MDI key="STATISTICS_MEAN">17.420507198351</MDI>
      <MDI key="STATISTICS_MINIMUM">2</MDI>
      <MDI key="STATISTICS_SKIPFACTORX">1</MDI>
      <MDI key="STATISTICS_SKIPFACTORY">1</MDI>
      <MDI key="STATISTICS_STDDEV">12.951359213847</MDI>
    </Metadata>
  </PAMRasterBand>
</PAMDataset>
