<PAMDataset>
  <Metadata>
    <MDI key="DataType">Generic</MDI>
  </Metadata>
  <PAMRasterBand band="1">
    <Histograms>
      <HistItem>
        <HistMin>0.1500000059604645</HistMin>
        <HistMax>0.8399999737739563</HistMax>
        <BucketCount>256</BucketCount>
        <IncludeOutOfRange>1</IncludeOutOfRange>
        <Approximate>0</Approximate>
        <HistCounts>1|0|0|33|0|0|0|75|0|0|0|114|0|0|455|0|0|0|1380|0|0|0|4744|0|0|13330|0|0|0|20306|0|0|0|31207|0|0|54774|0|0|0|64362|0|0|0|53485|0|0|0|39429|0|0|28009|0|0|0|22189|0|0|0|19202|0|0|13388|0|0|0|11044|0|0|0|10188|0|0|9780|0|0|0|9492|0|0|0|8251|0|0|0|7994|0|0|8962|0|0|0|10567|0|0|0|11255|0|0|10579|0|0|0|10334|0|0|0|10664|0|0|11747|0|0|0|12485|0|0|0|11086|0|0|11973|0|0|0|10962|0|0|0|11036|0|0|0|11269|0|0|12271|0|0|0|12162|0|0|0|9373|0|0|8077|0|0|0|7367|0|0|0|5349|0|0|4715|0|0|0|4595|0|0|0|4297|0|0|0|3557|0|0|3318|0|0|0|3168|0|0|0|2900|0|0|2728|0|0|0|2747|0|0|0|2668|0|0|2894|0|0|0|2599|0|0|0|2132|0|0|1899|0|0|0|1859|0|0|0|1713|0|0|0|1796|0|0|1846|0|0|0|2219|0|0|0|2547|0|0|2483|0|0|0|2201|0|0|0|1439|0|0|912|0|0|0|678|0|0|0|318|0|0|0|40</HistCounts>
      </HistItem>
    </Histograms>
    <Metadata>
      <MDI key="RepresentationType">ATHEMATIC</MDI>
      <MDI key="STATISTICS_COVARIANCES">0.01947565040531053</MDI>
      <MDI key="STATISTICS_EXCLUDEDVALUES"></MDI>
      <MDI key="STATISTICS_MAXIMUM">0.83999997377396</MDI>
      <MDI key="STATISTICS_MEAN">0.37217308066553</MDI>
      <MDI key="STATISTICS_MINIMUM">0.15000000596046</MDI>
      <MDI key="STATISTICS_SKIPFACTORX">1</MDI>
      <MDI key="STATISTICS_SKIPFACTORY">1</MDI>
      <MDI key="STATISTICS_STDDEV">0.13955518766893</MDI>
    </Metadata>
  </PAMRasterBand>
</PAMDataset>
