<PAMDataset>
  <Metadata>
    <MDI key="DataType">Generic</MDI>
  </Metadata>
  <PAMRasterBand band="1">
    <Histograms>
      <HistItem>
        <HistMin>1.700000047683716</HistMin>
        <HistMax>5.800000190734863</HistMax>
        <BucketCount>256</BucketCount>
        <IncludeOutOfRange>1</IncludeOutOfRange>
        <Approximate>0</Approximate>
        <HistCounts>5|0|0|0|0|0|407|0|0|0|0|0|3255|0|0|0|0|0|12218|0|0|0|0|0|22823|0|0|0|0|0|0|30455|0|0|0|0|0|33479|0|0|0|0|0|33831|0|0|0|0|0|34604|0|0|0|0|0|36752|0|0|0|0|0|0|38504|0|0|0|0|0|37269|0|0|0|0|0|36243|0|0|0|0|0|35947|0|0|0|0|0|0|32547|0|0|0|0|0|33191|0|0|0|0|0|36073|0|0|0|0|0|40098|0|0|0|0|0|37134|0|0|0|0|0|0|33443|0|0|0|0|0|26514|0|0|0|0|0|18331|0|0|0|0|0|13141|0|0|0|0|0|0|11038|0|0|0|0|0|10480|0|0|0|0|0|9056|0|0|0|0|0|6631|0|0|0|0|0|5825|0|0|0|0|0|0|4917|0|0|0|0|0|3973|0|0|0|0|0|3891|0|0|0|0|0|2248|0|0|0|0|0|0|272|0|0|0|0|0|140|0|0|0|0|0|83|0|0|0|0|0|82|0|0|0|0|0|44|0|0|0|0|0|0|32|0|0|0|0|0|23|0|0|0|0|0|14|0|0|0|0|0|3|0|0|0|0|0|0|2</HistCounts>
      </HistItem>
    </Histograms>
    <Metadata>
      <MDI key="RepresentationType">ATHEMATIC</MDI>
      <MDI key="STATISTICS_COVARIANCES">0.3960822831108426</MDI>
      <MDI key="STATISTICS_EXCLUDEDVALUES"></MDI>
      <MDI key="STATISTICS_MAXIMUM">5.8000001907349</MDI>
      <MDI key="STATISTICS_MEAN">3.0538864646908</MDI>
      <MDI key="STATISTICS_MINIMUM">1.7000000476837</MDI>
      <MDI key="STATISTICS_SKIPFACTORX">1</MDI>
      <MDI key="STATISTICS_SKIPFACTORY">1</MDI>
      <MDI key="STATISTICS_STDDEV">0.62935068372954</MDI>
    </Metadata>
  </PAMRasterBand>
</PAMDataset>
