<PAMDataset>
  <Metadata>
    <MDI key="DataType">Generic</MDI>
  </Metadata>
  <PAMRasterBand band="1">
    <Histograms>
      <HistItem>
        <HistMin>1</HistMin>
        <HistMax>5.400000095367432</HistMax>
        <BucketCount>256</BucketCount>
        <IncludeOutOfRange>1</IncludeOutOfRange>
        <Approximate>0</Approximate>
        <HistCounts>187|0|0|0|0|4922|0|0|0|0|0|16792|0|0|0|0|0|32650|0|0|0|0|0|49549|0|0|0|0|61938|0|0|0|0|0|61517|0|0|0|0|0|55742|0|0|0|0|0|52715|0|0|0|0|0|54370|0|0|0|0|49242|0|0|0|0|0|40235|0|0|0|0|0|36028|0|0|0|0|0|31559|0|0|0|0|0|27177|0|0|0|0|22896|0|0|0|0|0|19323|0|0|0|0|0|16836|0|0|0|0|0|8029|0|0|0|0|0|7386|0|0|0|0|7753|0|0|0|0|0|7150|0|0|0|0|0|5772|0|0|0|0|0|3811|0|0|0|0|0|2820|0|0|0|0|2668|0|0|0|0|0|1877|0|0|0|0|0|1165|0|0|0|0|0|897|0|0|0|0|0|605|0|0|0|0|402|0|0|0|0|0|253|0|0|0|0|0|167|0|0|0|0|0|120|0|0|0|0|0|58|0|0|0|0|76|0|0|0|0|0|66|0|0|0|0|0|41|0|0|0|0|0|45|0|0|0|0|0|35|0|0|0|0|46|0|0|0|0|0|45|0|0|0|0|0|31|0|0|0|0|0|20|0|0|0|0|0|2</HistCounts>
      </HistItem>
    </Histograms>
    <Metadata>
      <MDI key="RepresentationType">ATHEMATIC</MDI>
      <MDI key="STATISTICS_COVARIANCES">0.2700229671993027</MDI>
      <MDI key="STATISTICS_EXCLUDEDVALUES"></MDI>
      <MDI key="STATISTICS_MAXIMUM">5.4000000953674</MDI>
      <MDI key="STATISTICS_MEAN">1.9518489970774</MDI>
      <MDI key="STATISTICS_MINIMUM">1</MDI>
      <MDI key="STATISTICS_SKIPFACTORX">1</MDI>
      <MDI key="STATISTICS_SKIPFACTORY">1</MDI>
      <MDI key="STATISTICS_STDDEV">0.51963734199854</MDI>
    </Metadata>
  </PAMRasterBand>
</PAMDataset>
